"1-spring","Spring","I love Spring"
"2-lawnmower","Lawnmower","Starts easily and cuts clean, a bit loud though."
"3-coffeemug","Coffee Mug","Solid build and comfy, the lid could seal better."
"4-headphones","Headphones","Clear sound and comfy fit, cable feels flimsy."
"5-backpack","Backpack","Lightweight and roomy, zipper snags sometimes."
"6-notebook","Notebook","Paper is smooth, binding is a little weak."
"7-lawnmower","Lawnmower","Great value and sturdy, color was darker than expected."
"8-coffeemug","Coffee Mug","Works as described, setup took longer than I hoped."
"9-headphones","Headphones","Nice design and reliable, battery life is just okay."
"10-backpack","Backpack","Simple and effective, a few scratches out of the box."
"11-notebook","Notebook","Feels premium and practical, instructions were unclear."
"12-lawnmower","Lawnmower","Starts easily and cuts clean, a bit loud though."
"13-coffeemug","Coffee Mug","Solid build and comfy, the lid could seal better."
"14-headphones","Headphones","Clear sound and comfy fit, cable feels flimsy."
"15-backpack","Backpack","Lightweight and roomy, zipper snags sometimes."
"16-notebook","Notebook","Paper is smooth, binding is a little weak."
"17-lawnmower","Lawnmower","Great value and sturdy, color was darker than expected."
"18-coffeemug","Coffee Mug","Works as described, setup took longer than I hoped."
"19-headphones","Headphones","Nice design and reliable, battery life is just okay."
"20-backpack","Backpack","Simple and effective, a few scratches out of the box."
"21-notebook","Notebook","Feels premium and practical, instructions were unclear."
"22-lawnmower","Lawnmower","Starts easily and cuts clean, a bit loud though."
"23-coffeemug","Coffee Mug","Solid build and comfy, the lid could seal better."
"24-headphones","Headphones","Clear sound and comfy fit, cable feels flimsy."
"25-backpack","Backpack","Lightweight and roomy, zipper snags sometimes."
"26-notebook","Notebook","Paper is smooth, binding is a little weak."
"27-lawnmower","Lawnmower","Great value and sturdy, color was darker than expected."
"28-coffeemug","Coffee Mug","Works as described, setup took longer than I hoped."
"29-headphones","Headphones","Nice design and reliable, battery life is just okay."
"30-backpack","Backpack","Simple and effective, a few scratches out of the box."
"31-notebook","Notebook","Feels premium and practical, instructions were unclear."
"32-lawnmower","Lawnmower","Starts easily and cuts clean, a bit loud though."
"33-coffeemug","Coffee Mug","Solid build and comfy, the lid could seal better."
"34-headphones","Headphones","Clear sound and comfy fit, cable feels flimsy."
"35-backpack","Backpack","Lightweight and roomy, zipper snags sometimes."
"36-notebook","Notebook","Paper is smooth, binding is a little weak."
"37-lawnmower","Lawnmower","Great value and sturdy, color was darker than expected."
"38-coffeemug","Coffee Mug","Works as described, setup took longer than I hoped."
"39-headphones","Headphones","Nice design and reliable, battery life is just okay."
"40-backpack","Backpack","Simple and effective, a few scratches out of the box."
"41-notebook","Notebook","Feels premium and practical, instructions were unclear."
"42-lawnmower","Lawnmower","Starts easily and cuts clean, a bit loud though."
"43-coffeemug","Coffee Mug","Solid build and comfy, the lid could seal better."
"44-headphones","Headphones","Clear sound and comfy fit, cable feels flimsy."
"45-backpack","Backpack","Lightweight and roomy, zipper snags sometimes."
"46-notebook","Notebook","Paper is smooth, binding is a little weak."
"47-lawnmower","Lawnmower","Great value and sturdy, color was darker than expected."
"48-coffeemug","Coffee Mug","Works as described, setup took longer than I hoped."
"49-headphones","Headphones","Nice design and reliable, battery life is just okay."
"50-backpack","Backpack","Simple and effective, a few scratches out of the box."
"51-notebook","Notebook","Feels premium and practical, instructions were unclear."
"52-lawnmower","Lawnmower","Starts easily and cuts clean, a bit loud though."
"53-coffeemug","Coffee Mug","Solid build and comfy, the lid could seal better."
"54-headphones","Headphones","Clear sound and comfy fit, cable feels flimsy."
"55-backpack","Backpack","Lightweight and roomy, zipper snags sometimes."
"56-notebook","Notebook","Paper is smooth, binding is a little weak."
"57-lawnmower","Lawnmower","Great value and sturdy, color was darker than expected."
"58-coffeemug","Coffee Mug","Works as described, setup took longer than I hoped."
"59-headphones","Headphones","Nice design and reliable, battery life is just okay."
"60-backpack","Backpack","Simple and effective, a few scratches out of the box."
"61-notebook","Notebook","Feels premium and practical, instructions were unclear."
"62-lawnmower","Lawnmower","Starts easily and cuts clean, a bit loud though."
"63-coffeemug","Coffee Mug","Solid build and comfy, the lid could seal better."
"64-headphones","Headphones","Clear sound and comfy fit, cable feels flimsy."
"65-backpack","Backpack","Lightweight and roomy, zipper snags sometimes."
"66-notebook","Notebook","Paper is smooth, binding is a little weak."
"67-lawnmower","Lawnmower","Great value and sturdy, color was darker than expected."
"68-coffeemug","Coffee Mug","Works as described, setup took longer than I hoped."
"69-headphones","Headphones","Nice design and reliable, battery life is just okay."
"70-backpack","Backpack","Simple and effective, a few scratches out of the box."
"71-notebook","Notebook","Feels premium and practical, instructions were unclear."
"72-lawnmower","Lawnmower","Starts easily and cuts clean, a bit loud though."
"73-coffeemug","Coffee Mug","Solid build and comfy, the lid could seal better."
"74-headphones","Headphones","Clear sound and comfy fit, cable feels flimsy."
"75-backpack","Backpack","Lightweight and roomy, zipper snags sometimes."
"76-notebook","Notebook","Paper is smooth, binding is a little weak."
"77-lawnmower","Lawnmower","Great value and sturdy, color was darker than expected."
"78-coffeemug","Coffee Mug","Works as described, setup took longer than I hoped."
"79-headphones","Headphones","Nice design and reliable, battery life is just okay."
"80-backpack","Backpack","Simple and effective, a few scratches out of the box."
"81-notebook","Notebook","Feels premium and practical, instructions were unclear."
"82-lawnmower","Lawnmower","Starts easily and cuts clean, a bit loud though."
"83-coffeemug","Coffee Mug","Solid build and comfy, the lid could seal better."
"84-headphones","Headphones","Clear sound and comfy fit, cable feels flimsy."
"85-backpack","Backpack","Lightweight and roomy, zipper snags sometimes."
"86-notebook","Notebook","Paper is smooth, binding is a little weak."
"87-lawnmower","Lawnmower","Great value and sturdy, color was darker than expected."
"88-coffeemug","Coffee Mug","Works as described, setup took longer than I hoped."
"89-headphones","Headphones","Nice design and reliable, battery life is just okay."
"90-backpack","Backpack","Simple and effective, a few scratches out of the box."
"91-notebook","Notebook","Feels premium and practical, instructions were unclear."
"92-lawnmower","Lawnmower","Starts easily and cuts clean, a bit loud though."
"93-coffeemug","Coffee Mug","Solid build and comfy, the lid could seal better."
"94-headphones","Headphones","Clear sound and comfy fit, cable feels flimsy."
"95-backpack","Backpack","Lightweight and roomy, zipper snags sometimes."
"96-notebook","Notebook","Paper is smooth, binding is a little weak."
"97-lawnmower","Lawnmower","Great value and sturdy, color was darker than expected."
"98-coffeemug","Coffee Mug","Works as described, setup took longer than I hoped."
"99-headphones","Headphones","Nice design and reliable, battery life is just okay."
"100-backpack","Backpack","Simple and effective, a few scratches out of the box."
"101-notebook","Notebook","Feels premium and practical, instructions were unclear."
"102-lawnmower","Lawnmower","This is the best lawnmower in the world ever."